Name,Maths,Physics,Chemistry,Average
Anurag,78,89,90,85.66666666666667
Riya,85,79,88,84.0
Sneha,92,95,94,93.66666666666667
